,PD_input_mean,PD_input_err,pep_,pep_encoded,peptide
0,0.509544962,0.090443156,SPYFGP,bbcaac,QGGGGSPY*PFGP
1,0.200852902,0.096245199,WPYFGP,cbcaac,QGGGGWPY*PFGP
2,1.022226051,0.15150873,LPYFGP,abcaac,QGGGGLPY*PFGP
3,-0.297842352,0.105895564,SFYFGP,bacaac,QGGGGSFY*PFGP
4,0.05911969,0.048589042,WFYFGP,cacaac,QGGGGWFY*PFGP
5,0.228287914,0.055477035,LFYFGP,aacaac,QGGGGLFY*PFGP
6,-0.24840782,0.157467171,SYYFGP,bccaac,QGGGGSYY*PFGP
7,0.627048337,0.073629303,WYYFGP,cccaac,QGGGGWYY*PFGP
8,0.781775362,0.103435678,LYYFGP,accaac,QGGGGLYY*PFGP
9,0.379835381,0.070139001,SPYFPP,bbcacc,QGGGGSPY*PFPP
10,0.4639365,0.056063601,SPYFLP,bbcabc,QGGGGSPY*PFLP
11,0.073700861,0.03915852,WPYFPP,cbcacc,QGGGGWPY*PFPP
12,0.074905892,0.160227591,WPYFLP,cbcabc,QGGGGWPY*PFLP
13,0.834138192,0.146896939,LPYFPP,abcacc,QGGGGLPY*PFPP
14,0.890612953,0.089200623,LPYFLP,abcabc,QGGGGLPY*PFLP
15,0.30111622,0.1176535,SPYPGP,bbcbac,QGGGGSPY*PPGP
16,0.113671094,0.070835988,SPYSGP,bbccac,QGGGGSPY*PSGP
17,0.256310549,0.186932987,WPYPGP,cbcbac,QGGGGWPY*PPGP
18,0.660309644,0.056372587,WPYSGP,cbccac,QGGGGWPY*PSGP
19,0.829584761,0.14275629,LPYPGP,abcbac,QGGGGLPY*PPGP
20,0.746370359,0.037762458,LPYSGP,abccac,QGGGGLPY*PSGP
21,0.414744998,0.130640673,SPTFGP,bbbaac,QGGGGSPT*PFGP
22,-0.818229179,0.19202152,SPRFGP,bbaaac,QGGGGSPR*PFGP
23,0.577909305,0.061757071,WPTFGP,cbbaac,QGGGGWPT*PFGP
24,-0.068642278,0.034851948,WPRFGP,cbaaac,QGGGGWPR*PFGP
25,0.663271567,0.176479015,LPTFGP,abbaac,QGGGGLPT*PFGP
26,0.049489476,0.081553623,LPRFGP,abaaac,QGGGGLPR*PFGP
27,-0.39726178,0.121599296,SFYFGE,bacaaa,QGGGGSFY*PFGE
28,-0.307552508,0.152355408,SFYFGG,bacaab,QGGGGSFY*PFGG
29,-0.104001897,0.051758889,WFYFGE,cacaaa,QGGGGWFY*PFGE
30,-0.08167801,0.030157067,WFYFGG,cacaab,QGGGGWFY*PFGG
31,0.055733796,0.016912802,LFYFGE,aacaaa,QGGGGLFY*PFGE
32,0.123927823,0.039902305,LFYFGG,aacaab,QGGGGLFY*PFGG
33,-0.336759223,0.143888203,SFYFPP,bacacc,QGGGGSFY*PFPP
34,-0.408762132,0.126472043,SFYFLP,bacabc,QGGGGSFY*PFLP
35,-0.128639141,0.118711868,WFYFPP,cacacc,QGGGGWFY*PFPP
36,-0.154138858,0.094974026,WFYFLP,cacabc,QGGGGWFY*PFLP
37,0.067144709,0.016416298,LFYFPP,aacacc,QGGGGLFY*PFPP
38,0.163011969,0.042416475,LFYFLP,aacabc,QGGGGLFY*PFLP
39,-0.546645257,0.11869527,SFYPGP,bacbac,QGGGGSFY*PPGP
40,-0.426921645,0.156422879,SFYSGP,baccac,QGGGGSFY*PSGP
41,-0.240113369,0.041673967,WFYPGP,cacbac,QGGGGWFY*PPGP
42,-0.152422533,0.047845159,WFYSGP,caccac,QGGGGWFY*PSGP
43,0.211261359,0.031344905,LFYPGP,aacbac,QGGGGLFY*PPGP
44,-0.028287703,0.062832066,LFYSGP,aaccac,QGGGGLFY*PSGP
45,0.247715356,0.047067785,SPYFGE,bbcaaa,QGGGGSPY*PFGE
46,0.432751971,0.10600454,SPYFGG,bbcaab,QGGGGSPY*PFGG
47,-0.147427338,0.130037045,WPYFGE,cbcaaa,QGGGGWPY*PFGE
48,0.118503049,0.129485169,WPYFGG,cbcaab,QGGGGWPY*PFGG
49,0.702056467,0.06073069,LPYFGE,abcaaa,QGGGGLPY*PFGE
50,0.922052134,0.062616736,LPYFGG,abcaab,QGGGGLPY*PFGG
51,-0.384620009,0.081689636,SYYFGE,bccaaa,QGGGGSYY*PFGE
52,-0.252654259,0.13394678,SYYFGG,bccaab,QGGGGSYY*PFGG
53,0.633275654,0.079954882,WYYFGE,cccaaa,QGGGGWYY*PFGE
54,0.58266899,0.079837486,WYYFGG,cccaab,QGGGGWYY*PFGG
55,0.580197256,0.063781435,LYYFGE,accaaa,QGGGGLYY*PFGE
56,0.674049723,0.043358906,LYYFGG,accaab,QGGGGLYY*PFGG
57,-0.293219953,0.103446916,SYYFPP,bccacc,QGGGGSYY*PFPP
58,-0.185616367,0.197827682,SYYFLP,bccabc,QGGGGSYY*PFLP
59,0.478486381,0.034389527,WYYFPP,cccacc,QGGGGWYY*PFPP
60,0.48654666,0.093572924,WYYFLP,cccabc,QGGGGWYY*PFLP
61,0.660074829,0.033869565,LYYFPP,accacc,QGGGGLYY*PFPP
62,0.674285425,0.074973157,LYYFLP,accabc,QGGGGLYY*PFLP
63,-0.107595313,0.096344872,SFTFGP,babaac,QGGGGSFT*PFGP
64,-0.745094567,0.114175137,SFRFGP,baaaac,QGGGGSFR*PFGP
65,-0.223082444,0.126662838,WFTFGP,cabaac,QGGGGWFT*PFGP
66,-0.820624368,0.176936704,WFRFGP,caaaac,QGGGGWFR*PFGP
67,0.282176845,0.031482935,LFTFGP,aabaac,QGGGGLFT*PFGP
68,-0.657341947,0.121377063,LFRFGP,aaaaac,QGGGGLFR*PFGP
69,-0.452558395,0.104667433,SYYPGP,bccbac,QGGGGSYY*PPGP
70,-0.395806656,0.114116036,SYYSGP,bcccac,QGGGGSYY*PSGP
71,0.717157495,0.119650819,WYYPGP,cccbac,QGGGGWYY*PPGP
72,0.502837014,0.060631929,WYYSGP,ccccac,QGGGGWYY*PSGP
73,0.716388973,0.139758947,LYYPGP,accbac,QGGGGLYY*PPGP
74,0.429956868,0.043159991,LYYSGP,acccac,QGGGGLYY*PSGP
75,0.213929672,0.062211549,SYTFGP,bcbaac,QGGGGSYT*PFGP
76,-0.493053885,0.11989111,SYRFGP,bcaaac,QGGGGSYR*PFGP
77,0.576181659,0.099378979,WYTFGP,ccbaac,QGGGGWYT*PFGP
78,-0.259499871,0.061728123,WYRFGP,ccaaac,QGGGGWYR*PFGP
79,0.228050348,0.107693096,LYTFGP,acbaac,QGGGGLYT*PFGP
80,0.085103896,0.091831108,LYRFGP,acaaac,QGGGGLYR*PFGP
81,0.451041794,0.037618383,SPYFPE,bbcaca,QGGGGSPY*PFPE
82,0.263145611,0.076280872,SPYFPG,bbcacb,QGGGGSPY*PFPG
83,0.342802076,0.082986394,SPYFLE,bbcaba,QGGGGSPY*PFLE
84,0.295331604,0.02405979,SPYFLG,bbcabb,QGGGGSPY*PFLG
85,0.152865661,0.076381948,WPYFPE,cbcaca,QGGGGWPY*PFPE
86,0.313445303,0.061698761,WPYFPG,cbcacb,QGGGGWPY*PFPG
87,0.056570966,0.088518034,WPYFLE,cbcaba,QGGGGWPY*PFLE
88,0.158263661,0.115701273,WPYFLG,cbcabb,QGGGGWPY*PFLG
89,0.864279783,0.069034128,LPYFPE,abcaca,QGGGGLPY*PFPE
90,0.879048204,0.068985479,LPYFPG,abcacb,QGGGGLPY*PFPG
91,0.791616602,0.107953969,LPYFLE,abcaba,QGGGGLPY*PFLE
92,0.827392714,0.075042193,LPYFLG,abcabb,QGGGGLPY*PFLG
93,0.239471842,0.10365782,SPYPGE,bbcbaa,QGGGGSPY*PPGE
94,0.251017871,0.082023686,SPYPGG,bbcbab,QGGGGSPY*PPGG
95,-0.19605539,0.025079902,SPYSGE,bbccaa,QGGGGSPY*PSGE
96,0.028477957,0.07271074,SPYSGG,bbccab,QGGGGSPY*PSGG
97,0.086530071,0.130536046,WPYPGE,cbcbaa,QGGGGWPY*PPGE
98,0.323974352,0.100190871,WPYPGG,cbcbab,QGGGGWPY*PPGG
99,-0.007437591,0.074551715,WPYSGE,cbccaa,QGGGGWPY*PSGE
100,0.317408463,0.096844645,WPYSGG,cbccab,QGGGGWPY*PSGG
101,0.738596949,0.119553449,LPYPGE,abcbaa,QGGGGLPY*PPGE
102,0.799417642,0.120930294,LPYPGG,abcbab,QGGGGLPY*PPGG
103,0.522040059,0.060787498,LPYSGE,abccaa,QGGGGLPY*PSGE
104,0.823652802,0.058484591,LPYSGG,abccab,QGGGGLPY*PSGG
105,0.097100492,0.053017827,SPYPPP,bbcbcc,QGGGGSPY*PPPP
106,0.443033506,0.067036679,SPYPLP,bbcbbc,QGGGGSPY*PPLP
107,0.219642436,0.020576966,SPYSPP,bbcccc,QGGGGSPY*PSPP
108,0.217694475,0.029185688,SPYSLP,bbccbc,QGGGGSPY*PSLP
109,0.163442865,0.119944583,WPYPPP,cbcbcc,QGGGGWPY*PPPP
110,0.042231724,0.121629907,WPYPLP,cbcbbc,QGGGGWPY*PPLP
111,0.2514446,0.138186308,WPYSPP,cbcccc,QGGGGWPY*PSPP
112,0.030345913,0.056858318,WPYSLP,cbccbc,QGGGGWPY*PSLP
113,0.567733164,0.130757239,LPYPPP,abcbcc,QGGGGLPY*PPPP
114,0.821268892,0.105705167,LPYPLP,abcbbc,QGGGGLPY*PPLP
115,0.872917213,0.096067613,LPYSPP,abcccc,QGGGGLPY*PSPP
116,0.719466642,0.111397776,LPYSLP,abccbc,QGGGGLPY*PSLP
117,-0.025309801,0.00910679,SYTPGP,bcbbac,QGGGGSYT*PPGP
118,0.008070883,0.046488601,SYTSGP,bcbcac,QGGGGSYT*PSGP
119,-0.79064156,0.102996439,SYRPGP,bcabac,QGGGGSYR*PPGP
120,-0.507037732,0.113281944,SYRSGP,bcacac,QGGGGSYR*PSGP
121,0.576183605,0.116922559,WYTPGP,ccbbac,QGGGGWYT*PPGP
122,0.706273644,0.067702884,WYTSGP,ccbcac,QGGGGWYT*PSGP
123,-0.1810299,0.041700562,WYRPGP,ccabac,QGGGGWYR*PPGP
124,-0.430229276,0.107492395,WYRSGP,ccacac,QGGGGWYR*PSGP
125,0.383080844,0.175580945,LYTPGP,acbbac,QGGGGLYT*PPGP
126,0.385421774,0.042351533,LYTSGP,acbcac,QGGGGLYT*PSGP
127,0.230650637,0.092902336,LYRPGP,acabac,QGGGGLYR*PPGP
128,-0.343874247,0.066940735,LYRSGP,acacac,QGGGGLYR*PSGP
129,0.119143672,0.062490217,SPTFGE,bbbaaa,QGGGGSPT*PFGE
130,0.296878846,0.152673842,SPTFGG,bbbaab,QGGGGSPT*PFGG
131,-0.993293061,0.187173089,SPRFGE,bbaaaa,QGGGGSPR*PFGE
132,-0.728827137,0.15397956,SPRFGG,bbaaab,QGGGGSPR*PFGG
133,0.620553206,0.086361179,WPTFGE,cbbaaa,QGGGGWPT*PFGE
134,0.812702838,0.042697322,WPTFGG,cbbaab,QGGGGWPT*PFGG
135,-0.204581677,0.096784259,WPRFGE,cbaaaa,QGGGGWPR*PFGE
136,-0.120213027,0.1558104,WPRFGG,cbaaab,QGGGGWPR*PFGG
137,0.293143061,0.117970875,LPTFGE,abbaaa,QGGGGLPT*PFGE
138,0.599671844,0.108134214,LPTFGG,abbaab,QGGGGLPT*PFGG
139,-0.043245584,0.032605901,LPRFGE,abaaaa,QGGGGLPR*PFGE
140,0.115739509,0.099803179,LPRFGG,abaaab,QGGGGLPR*PFGG
141,0.152485717,0.078134501,SPTFPP,bbbacc,QGGGGSPT*PFPP
142,0.354560779,0.046998859,SPTFLP,bbbabc,QGGGGSPT*PFLP
143,-1.035485285,0.13078336,SPRFPP,bbaacc,QGGGGSPR*PFPP
144,-0.805864379,0.156836626,SPRFLP,bbaabc,QGGGGSPR*PFLP
145,0.497347374,0.031068978,WPTFPP,cbbacc,QGGGGWPT*PFPP
146,0.711814656,0.092110338,WPTFLP,cbbabc,QGGGGWPT*PFLP
147,-0.133755488,0.105129045,WPRFPP,cbaacc,QGGGGWPR*PFPP
148,0.179740116,0.075825508,WPRFLP,cbaabc,QGGGGWPR*PFLP
149,0.395741383,0.110666369,LPTFPP,abbacc,QGGGGLPT*PFPP
150,0.577518344,0.109434561,LPTFLP,abbabc,QGGGGLPT*PFLP
151,0.358221224,0.07953153,LPRFPP,abaacc,QGGGGLPR*PFPP
152,0.529734778,0.049980011,LPRFLP,abaabc,QGGGGLPR*PFLP
153,0.302557342,0.076615099,SPTPGP,bbbbac,QGGGGSPT*PPGP
154,0.254228178,0.074475443,SPTSGP,bbbcac,QGGGGSPT*PSGP
155,-0.906687633,0.172168504,SPRPGP,bbabac,QGGGGSPR*PPGP
156,-0.816031743,0.190077082,SPRSGP,bbacac,QGGGGSPR*PSGP
157,0.579198928,0.107114587,WPTPGP,cbbbac,QGGGGWPT*PPGP
158,0.706757368,0.051513673,WPTSGP,cbbcac,QGGGGWPT*PSGP
159,-0.289892742,0.095407556,WPRPGP,cbabac,QGGGGWPR*PPGP
160,-0.612066396,0.072368937,WPRSGP,cbacac,QGGGGWPR*PSGP
161,0.663007272,0.148938093,LPTPGP,abbbac,QGGGGLPT*PPGP
162,0.30208888,0.045238735,LPTSGP,abbcac,QGGGGLPT*PSGP
163,0.142662124,0.05054402,LPRPGP,ababac,QGGGGLPR*PPGP
164,-0.847190639,0.122212383,LPRSGP,abacac,QGGGGLPR*PSGP
165,-0.336333495,0.124460244,SYYFPE,bccaca,QGGGGSYY*PFPE
166,-0.305370872,0.151602879,SYYFPG,bccacb,QGGGGSYY*PFPG
167,-0.141777221,0.084196017,SYYFLE,bccaba,QGGGGSYY*PFLE
168,-0.256207343,0.1594426,SYYFLG,bccabb,QGGGGSYY*PFLG
169,0.627359208,0.045093428,WYYFPE,cccaca,QGGGGWYY*PFPE
170,0.541204752,0.060190336,WYYFPG,cccacb,QGGGGWYY*PFPG
171,0.645441675,0.053399396,WYYFLE,cccaba,QGGGGWYY*PFLE
172,0.540611712,0.011523252,WYYFLG,cccabb,QGGGGWYY*PFLG
173,0.760629466,0.061496675,LYYFPE,accaca,QGGGGLYY*PFPE
174,0.523016612,0.018834709,LYYFPG,accacb,QGGGGLYY*PFPG
175,0.744333818,0.03920079,LYYFLE,accaba,QGGGGLYY*PFLE
176,0.52244835,0.039368108,LYYFLG,accabb,QGGGGLYY*PFLG
177,0.026543754,0.049887161,SYTFGE,bcbaaa,QGGGGSYT*PFGE
178,0.184058301,0.002162062,SYTFGG,bcbaab,QGGGGSYT*PFGG
179,-0.673159314,0.200984051,SYRFGE,bcaaaa,QGGGGSYR*PFGE
180,-0.540246239,0.178590386,SYRFGG,bcaaab,QGGGGSYR*PFGG
181,0.298153245,0.096342136,WYTFGE,ccbaaa,QGGGGWYT*PFGE
182,0.410996465,0.098677329,WYTFGG,ccbaab,QGGGGWYT*PFGG
183,-0.420584521,0.124443038,WYRFGE,ccaaaa,QGGGGWYR*PFGE
184,-0.444777006,0.142562589,WYRFGG,ccaaab,QGGGGWYR*PFGG
185,-0.390335547,0.09642334,LYTFGE,acbaaa,QGGGGLYT*PFGE
186,0.061957545,0.146252023,LYTFGG,acbaab,QGGGGLYT*PFGG
187,-0.022490354,0.029910659,LYRFGE,acaaaa,QGGGGLYR*PFGE
188,-0.05556268,0.116061594,LYRFGG,acaaab,QGGGGLYR*PFGG
189,-0.345047123,0.159895304,SFYFPE,bacaca,QGGGGSFY*PFPE
190,-0.32661379,0.216440146,SFYFPG,bacacb,QGGGGSFY*PFPG
191,-0.270792563,0.083864086,SFYFLE,bacaba,QGGGGSFY*PFLE
192,-0.335824413,0.175924735,SFYFLG,bacabb,QGGGGSFY*PFLG
193,-0.020080971,0.020384676,WFYFPE,cacaca,QGGGGWFY*PFPE
194,-0.060074008,0.011732969,WFYFPG,cacacb,QGGGGWFY*PFPG
195,-0.09253098,0.047075231,WFYFLE,cacaba,QGGGGWFY*PFLE
196,-0.111871736,0.081607528,WFYFLG,cacabb,QGGGGWFY*PFLG
197,0.155418448,0.055159821,LFYFPE,aacaca,QGGGGLFY*PFPE
198,0.089726484,0.089643282,LFYFPG,aacacb,QGGGGLFY*PFPG
199,0.054246454,0.04254358,LFYFLE,aacaba,QGGGGLFY*PFLE
200,0.010231185,0.031790237,LFYFLG,aacabb,QGGGGLFY*PFLG
201,-0.482849076,0.018885451,SFYPGE,bacbaa,QGGGGSFY*PPGE
202,-0.427114872,0.081196486,SFYPGG,bacbab,QGGGGSFY*PPGG
203,-0.328651501,0.15147826,SFYSGE,baccaa,QGGGGSFY*PSGE
204,-0.393428752,0.191491268,SFYSGG,baccab,QGGGGSFY*PSGG
205,-0.307269347,0.088844849,WFYPGE,cacbaa,QGGGGWFY*PPGE
206,-0.049776141,0.101851236,WFYPGG,cacbab,QGGGGWFY*PPGG
207,-0.143321505,0.075189052,WFYSGE,caccaa,QGGGGWFY*PSGE
208,-0.188260502,0.080677245,WFYSGG,caccab,QGGGGWFY*PSGG
209,0.057178135,0.048991275,LFYPGE,aacbaa,QGGGGLFY*PPGE
210,0.040673905,0.047889427,LFYPGG,aacbab,QGGGGLFY*PPGG
211,-0.13524058,0.060083218,LFYSGE,aaccaa,QGGGGLFY*PSGE
212,-0.040561982,0.069722781,LFYSGG,aaccab,QGGGGLFY*PSGG
213,0.122671528,0.033414542,SYTFPP,bcbacc,QGGGGSYT*PFPP
214,0.237507069,0.082141906,SYTFLP,bcbabc,QGGGGSYT*PFLP
215,-0.630792049,0.228021637,SYRFPP,bcaacc,QGGGGSYR*PFPP
216,-0.44329131,0.103574571,SYRFLP,bcaabc,QGGGGSYR*PFLP
217,0.352270457,0.097597581,WYTFPP,ccbacc,QGGGGWYT*PFPP
218,0.374170079,0.070283747,WYTFLP,ccbabc,QGGGGWYT*PFLP
219,0.061282434,0.060508319,WYRFPP,ccaacc,QGGGGWYR*PFPP
220,0.223651728,0.028901915,WYRFLP,ccaabc,QGGGGWYR*PFLP
221,-0.036736783,0.095269904,LYTFPP,acbacc,QGGGGLYT*PFPP
222,-0.056161802,0.066833332,LYTFLP,acbabc,QGGGGLYT*PFLP
223,0.540267952,0.014859294,LYRFPP,acaacc,QGGGGLYR*PFPP
224,0.68043113,0.101535247,LYRFLP,acaabc,QGGGGLYR*PFLP
225,-0.293851601,0.266912254,SFTPGP,babbac,QGGGGSFT*PPGP
226,-0.196850805,0.069276204,SFTSGP,babcac,QGGGGSFT*PSGP
227,-1.10314098,0.16611395,SFRPGP,baabac,QGGGGSFR*PPGP
228,-0.80607592,0.172455775,SFRSGP,baacac,QGGGGSFR*PSGP
229,-0.339465562,0.075040016,WFTPGP,cabbac,QGGGGWFT*PPGP
230,-0.259232971,0.090689083,WFTSGP,cabcac,QGGGGWFT*PSGP
231,-0.984444462,0.068207008,WFRPGP,caabac,QGGGGWFR*PPGP
232,-0.780480424,0.153867493,WFRSGP,caacac,QGGGGWFR*PSGP
233,0.211777941,0.080209417,LFTPGP,aabbac,QGGGGLFT*PPGP
234,0.038656698,0.026872195,LFTSGP,aabcac,QGGGGLFT*PSGP
235,-0.922015536,0.094835484,LFRPGP,aaabac,QGGGGLFR*PPGP
236,-0.689591732,0.086748124,LFRSGP,aaacac,QGGGGLFR*PSGP
237,-0.265113901,0.134413004,SFTFGE,babaaa,QGGGGSFT*PFGE
238,-0.175274431,0.070916548,SFTFGG,babaab,QGGGGSFT*PFGG
239,-0.896052932,0.111377018,SFRFGE,baaaaa,QGGGGSFR*PFGE
240,-0.843381033,0.071610194,SFRFGG,baaaab,QGGGGSFR*PFGG
241,-0.266179627,0.119559126,WFTFGE,cabaaa,QGGGGWFT*PFGE
242,-0.229159041,0.1392283,WFTFGG,cabaab,QGGGGWFT*PFGG
243,-0.804449482,0.218946104,WFRFGE,caaaaa,QGGGGWFR*PFGE
244,-0.743097812,0.147755432,WFRFGG,caaaab,QGGGGWFR*PFGG
245,-0.067823375,0.052939477,LFTFGE,aabaaa,QGGGGLFT*PFGE
246,0.077821527,0.04571457,LFTFGG,aabaab,QGGGGLFT*PFGG
247,-0.703264938,0.222114912,LFRFGE,aaaaaa,QGGGGLFR*PFGE
248,-0.74586004,0.147133115,LFRFGG,aaaaab,QGGGGLFR*PFGG
249,-0.342872768,0.127757467,SFTFPP,babacc,QGGGGSFT*PFPP
250,-0.158255248,0.093003372,SFTFLP,bababc,QGGGGSFT*PFLP
251,-0.872121062,0.254666271,SFRFPP,baaacc,QGGGGSFR*PFPP
252,-0.761289533,0.167280842,SFRFLP,baaabc,QGGGGSFR*PFLP
253,-0.30790728,0.132697785,WFTFPP,cabacc,QGGGGWFT*PFPP
254,-0.178556419,0.082422081,WFTFLP,cababc,QGGGGWFT*PFLP
255,-0.994126538,0.205124579,WFRFPP,caaacc,QGGGGWFR*PFPP
256,-0.752577844,0.124531913,WFRFLP,caaabc,QGGGGWFR*PFLP
257,0.064802497,0.031072276,LFTFPP,aabacc,QGGGGLFT*PFPP
258,0.232255644,0.041382286,LFTFLP,aababc,QGGGGLFT*PFLP
259,-0.726900648,0.152125131,LFRFPP,aaaacc,QGGGGLFR*PFPP
260,-0.71824651,0.146009508,LFRFLP,aaaabc,QGGGGLFR*PFLP
261,-0.498971037,0.144363956,SYYPGE,bccbaa,QGGGGSYY*PPGE
262,-0.51063842,0.006808199,SYYPGG,bccbab,QGGGGSYY*PPGG
263,-0.394700001,0.157805935,SYYSGE,bcccaa,QGGGGSYY*PSGE
264,-0.381738358,0.149339108,SYYSGG,bcccab,QGGGGSYY*PSGG
265,0.566067833,0.068174877,WYYPGE,cccbaa,QGGGGWYY*PPGE
266,0.695667958,0.1252073,WYYPGG,cccbab,QGGGGWYY*PPGG
267,0.448795502,0.076023614,WYYSGE,ccccaa,QGGGGWYY*PSGE
268,0.610816941,0.038609423,WYYSGG,ccccab,QGGGGWYY*PSGG
269,0.618639533,0.066400249,LYYPGE,accbaa,QGGGGLYY*PPGE
270,0.675653181,0.10769411,LYYPGG,accbab,QGGGGLYY*PPGG
271,0.209550957,0.038328081,LYYSGE,acccaa,QGGGGLYY*PSGE
272,0.437790301,0.022702824,LYYSGG,acccab,QGGGGLYY*PSGG
273,-0.740508356,0.182075783,SYYPPP,bccbcc,QGGGGSYY*PPPP
274,-0.401612625,0.086246888,SYYPLP,bccbbc,QGGGGSYY*PPLP
275,-0.228476672,0.103969555,SYYSPP,bccccc,QGGGGSYY*PSPP
276,-0.329312649,0.138167353,SYYSLP,bcccbc,QGGGGSYY*PSLP
277,0.525875365,0.085279715,WYYPPP,cccbcc,QGGGGWYY*PPPP
278,0.691398893,0.0916048,WYYPLP,cccbbc,QGGGGWYY*PPLP
279,0.652320682,0.048757017,WYYSPP,cccccc,QGGGGWYY*PSPP
280,0.499440447,0.010674045,WYYSLP,ccccbc,QGGGGWYY*PSLP
281,0.312061819,0.069422482,LYYPPP,accbcc,QGGGGLYY*PPPP
282,0.754188441,0.091072187,LYYPLP,accbbc,QGGGGLYY*PPLP
283,0.595586973,0.044722356,LYYSPP,accccc,QGGGGLYY*PSPP
284,0.483112384,0.033530172,LYYSLP,acccbc,QGGGGLYY*PSLP
285,-0.732036077,0.124092355,SFYPPP,bacbcc,QGGGGSFY*PPPP
286,-0.57553347,0.153240336,SFYPLP,bacbbc,QGGGGSFY*PPLP
287,-0.308864973,0.168357664,SFYSPP,bacccc,QGGGGSFY*PSPP
288,-0.287456274,0.169510308,SFYSLP,baccbc,QGGGGSFY*PSLP
289,-0.327355189,0.105277106,WFYPPP,cacbcc,QGGGGWFY*PPPP
290,-0.006307958,0.105735377,WFYPLP,cacbbc,QGGGGWFY*PPLP
291,-0.057678021,0.06354971,WFYSPP,cacccc,QGGGGWFY*PSPP
292,-0.105931245,0.133599215,WFYSLP,caccbc,QGGGGWFY*PSLP
293,-0.212515328,0.097760384,LFYPPP,aacbcc,QGGGGLFY*PPPP
294,0.200844621,0.088321141,LFYPLP,aacbbc,QGGGGLFY*PPLP
295,0.137041655,0.053576484,LFYSPP,aacccc,QGGGGLFY*PSPP
296,0.083794633,0.053157387,LFYSLP,aaccbc,QGGGGLFY*PSLP
297,-0.063450291,0.044988972,SYTPPP,bcbbcc,QGGGGSYT*PPPP
298,0.454186853,0.159623049,SYTPLP,bcbbbc,QGGGGSYT*PPLP
299,0.104718409,0.042915738,SYTSPP,bcbccc,QGGGGSYT*PSPP
300,0.070337437,0.047558166,SYTSLP,bcbcbc,QGGGGSYT*PSLP
301,-1.101792962,0.270656275,SYRPPP,bcabcc,QGGGGSYR*PPPP
302,-0.786780671,0.127716964,SYRPLP,bcabbc,QGGGGSYR*PPLP
303,-0.609107078,0.163411738,SYRSPP,bcaccc,QGGGGSYR*PSPP
304,-0.646390869,0.176570672,SYRSLP,bcacbc,QGGGGSYR*PSLP
305,0.252183226,0.139794689,WYTPPP,ccbbcc,QGGGGWYT*PPPP
306,0.446204924,0.094475035,WYTPLP,ccbbbc,QGGGGWYT*PPLP
307,0.432224792,0.062620959,WYTSPP,ccbccc,QGGGGWYT*PSPP
308,0.44092642,0.112163501,WYTSLP,ccbcbc,QGGGGWYT*PSLP
309,-0.056597113,0.030903518,WYRPPP,ccabcc,QGGGGWYR*PPPP
310,0.295310505,0.05849149,WYRPLP,ccabbc,QGGGGWYR*PPLP
311,0.047094214,0.056924844,WYRSPP,ccaccc,QGGGGWYR*PSPP
312,-0.23431922,0.047526209,WYRSLP,ccacbc,QGGGGWYR*PSLP
313,-0.037880734,0.1049366,LYTPPP,acbbcc,QGGGGLYT*PPPP
314,0.217572313,0.177039504,LYTPLP,acbbbc,QGGGGLYT*PPLP
315,-0.106838418,0.095302289,LYTSPP,acbccc,QGGGGLYT*PSPP
316,-0.165973848,0.126331892,LYTSLP,acbcbc,QGGGGLYT*PSLP
317,0.391054683,0.122170346,LYRPPP,acabcc,QGGGGLYR*PPPP
318,0.827754079,0.12493274,LYRPLP,acabbc,QGGGGLYR*PPLP
319,0.482872871,0.019384,LYRSPP,acaccc,QGGGGLYR*PSPP
320,0.085193525,0.059749485,LYRSLP,acacbc,QGGGGLYR*PSLP
321,0.002918148,0.036922328,SYTPGE,bcbbaa,QGGGGSYT*PPGE
322,-0.024475178,0.019217589,SYTPGG,bcbbab,QGGGGSYT*PPGG
323,-0.152447174,0.070481433,SYTSGE,bcbcaa,QGGGGSYT*PSGE
324,-0.048754752,0.031254211,SYTSGG,bcbcab,QGGGGSYT*PSGG
325,-0.924583294,0.219142813,SYRPGE,bcabaa,QGGGGSYR*PPGE
326,-0.873209729,0.079599615,SYRPGG,bcabab,QGGGGSYR*PPGG
327,-0.776940062,0.251442065,SYRSGE,bcacaa,QGGGGSYR*PSGE
328,-0.725714853,0.188482573,SYRSGG,bcacab,QGGGGSYR*PSGG
329,0.441804465,0.044806121,WYTPGE,ccbbaa,QGGGGWYT*PPGE
330,0.51890548,0.066144594,WYTPGG,ccbbab,QGGGGWYT*PPGG
331,0.194253995,0.089933389,WYTSGE,ccbcaa,QGGGGWYT*PSGE
332,0.666578098,0.078992804,WYTSGG,ccbcab,QGGGGWYT*PSGG
333,-0.296207694,0.061618866,WYRPGE,ccabaa,QGGGGWYR*PPGE
334,-0.197613643,0.027891681,WYRPGG,ccabab,QGGGGWYR*PPGG
335,-0.563701967,0.13922974,WYRSGE,ccacaa,QGGGGWYR*PSGE
336,-0.427168578,0.162285386,WYRSGG,ccacab,QGGGGWYR*PSGG
337,0.036725694,0.07847796,LYTPGE,acbbaa,QGGGGLYT*PPGE
338,0.302158238,0.11459458,LYTPGG,acbbab,QGGGGLYT*PPGG
339,-0.388239926,0.028150061,LYTSGE,acbcaa,QGGGGLYT*PSGE
340,0.334883259,0.060931626,LYTSGG,acbcab,QGGGGLYT*PSGG
341,0.339551017,0.081696575,LYRPGE,acabaa,QGGGGLYR*PPGE
342,0.273311039,0.045769729,LYRPGG,acabab,QGGGGLYR*PPGG
343,-0.430583643,0.11332411,LYRSGE,acacaa,QGGGGLYR*PSGE
344,-0.318874796,0.181031312,LYRSGG,acacab,QGGGGLYR*PSGG
345,0.067720016,0.072659249,SPYPPE,bbcbca,QGGGGSPY*PPPE
346,-0.059771959,0.028712565,SPYPPG,bbcbcb,QGGGGSPY*PPPG
347,0.422819055,0.035605853,SPYPLE,bbcbba,QGGGGSPY*PPLE
348,0.325626307,0.072108624,SPYPLG,bbcbbb,QGGGGSPY*PPLG
349,0.402311732,0.012107296,SPYSPE,bbccca,QGGGGSPY*PSPE
350,0.230359682,0.050102118,SPYSPG,bbcccb,QGGGGSPY*PSPG
351,0.014230191,0.03124892,SPYSLE,bbccba,QGGGGSPY*PSLE
352,0.055486519,0.053472774,SPYSLG,bbccbb,QGGGGSPY*PSLG
353,-0.03272005,0.176452885,WPYPPE,cbcbca,QGGGGWPY*PPPE
354,0.325878314,0.166488949,WPYPPG,cbcbcb,QGGGGWPY*PPPG
355,-0.075484379,0.1795592,WPYPLE,cbcbba,QGGGGWPY*PPLE
356,0.026436211,0.092188876,WPYPLG,cbcbbb,QGGGGWPY*PPLG
357,-0.075593652,0.053178643,WPYSPE,cbccca,QGGGGWPY*PSPE
358,0.229337823,0.056365182,WPYSPG,cbcccb,QGGGGWPY*PSPG
359,-0.204067359,0.06160883,WPYSLE,cbccba,QGGGGWPY*PSLE
360,0.108087847,0.14582111,WPYSLG,cbccbb,QGGGGWPY*PSLG
361,0.626103121,0.075821781,LPYPPE,abcbca,QGGGGLPY*PPPE
362,0.626056546,0.059180675,LPYPPG,abcbcb,QGGGGLPY*PPPG
363,0.647300484,0.092187641,LPYPLE,abcbba,QGGGGLPY*PPLE
364,0.708965512,0.152281408,LPYPLG,abcbbb,QGGGGLPY*PPLG
365,0.701963201,0.095815608,LPYSPE,abccca,QGGGGLPY*PSPE
366,0.842103768,0.072345677,LPYSPG,abcccb,QGGGGLPY*PSPG
367,0.458349954,0.080581405,LPYSLE,abccba,QGGGGLPY*PSLE
368,0.676258667,0.059547173,LPYSLG,abccbb,QGGGGLPY*PSLG
369,-0.649223213,0.041554959,SFTPPP,babbcc,QGGGGSFT*PPPP
370,-0.222557848,0.079220452,SFTPLP,babbbc,QGGGGSFT*PPLP
371,-0.170188062,0.134901599,SFTSPP,babccc,QGGGGSFT*PSPP
372,-0.265101184,0.104231227,SFTSLP,babcbc,QGGGGSFT*PSLP
373,-1.285498664,0.156778924,SFRPPP,baabcc,QGGGGSFR*PPPP
374,-1.039705738,0.029666579,SFRPLP,baabbc,QGGGGSFR*PPLP
375,-0.870472145,0.183222744,SFRSPP,baaccc,QGGGGSFR*PSPP
376,-0.893913631,0.145823065,SFRSLP,baacbc,QGGGGSFR*PSLP
377,-0.543455249,0.068481758,WFTPPP,cabbcc,QGGGGWFT*PPPP
378,-0.198961081,0.060933338,WFTPLP,cabbbc,QGGGGWFT*PPLP
379,-0.226607036,0.131125806,WFTSPP,cabccc,QGGGGWFT*PSPP
380,-0.274076089,0.074775881,WFTSLP,cabcbc,QGGGGWFT*PSLP
381,-1.154995969,0.050928772,WFRPPP,caabcc,QGGGGWFR*PPPP
382,-1.153382628,0.095121541,WFRPLP,caabbc,QGGGGWFR*PPLP
383,-0.813689842,0.148020016,WFRSPP,caaccc,QGGGGWFR*PSPP
384,-0.882977433,0.107999532,WFRSLP,caacbc,QGGGGWFR*PSLP
385,-0.030462492,0.0846704,LFTPPP,aabbcc,QGGGGLFT*PPPP
386,0.453836286,0.109517651,LFTPLP,aabbbc,QGGGGLFT*PPLP
387,0.237674003,0.025146531,LFTSPP,aabccc,QGGGGLFT*PSPP
388,0.16677738,0.041635173,LFTSLP,aabcbc,QGGGGLFT*PSLP
389,-1.114351407,0.074378152,LFRPPP,aaabcc,QGGGGLFR*PPPP
390,-0.837335556,0.174339789,LFRPLP,aaabbc,QGGGGLFR*PPLP
391,-0.709087507,0.190827934,LFRSPP,aaaccc,QGGGGLFR*PSPP
392,-0.646015496,0.179211774,LFRSLP,aaacbc,QGGGGLFR*PSLP
393,-0.485204834,0.170853088,SFTPGE,babbaa,QGGGGSFT*PPGE
394,-0.550719891,0.197640044,SFTPGG,babbab,QGGGGSFT*PPGG
395,-0.349301994,0.103651091,SFTSGE,babcaa,QGGGGSFT*PSGE
396,-0.264523424,0.111872304,SFTSGG,babcab,QGGGGSFT*PSGG
397,-1.089591072,0.15838319,SFRPGE,baabaa,QGGGGSFR*PPGE
398,-0.898267471,0.108600756,SFRPGG,baabab,QGGGGSFR*PPGG
399,-0.7503402,0.245564617,SFRSGE,baacaa,QGGGGSFR*PSGE
400,-0.936166275,0.211645716,SFRSGG,baacab,QGGGGSFR*PSGG
401,-0.485462484,0.101470884,WFTPGE,cabbaa,QGGGGWFT*PPGE
402,-0.497982036,0.088945034,WFTPGG,cabbab,QGGGGWFT*PPGG
403,-0.322867234,0.111481702,WFTSGE,cabcaa,QGGGGWFT*PSGE
404,-0.352585381,0.131161091,WFTSGG,cabcab,QGGGGWFT*PSGG
405,-1.104406645,0.11321545,WFRPGE,caabaa,QGGGGWFR*PPGE
406,-1.103342203,0.201925105,WFRPGG,caabab,QGGGGWFR*PPGG
407,-0.827160403,0.092455184,WFRSGE,caacaa,QGGGGWFR*PSGE
408,-0.8857717,0.198701578,WFRSGG,caacab,QGGGGWFR*PSGG
409,-0.077092383,0.034903395,LFTPGE,aabbaa,QGGGGLFT*PPGE
410,0.023289757,0.042799391,LFTPGG,aabbab,QGGGGLFT*PPGG
411,-0.107178459,0.049404803,LFTSGE,aabcaa,QGGGGLFT*PSGE
412,-0.013307173,0.060627205,LFTSGG,aabcab,QGGGGLFT*PSGG
413,-1.000744266,0.201309374,LFRPGE,aaabaa,QGGGGLFR*PPGE
414,-0.928866662,0.172468168,LFRPGG,aaabab,QGGGGLFR*PPGG
415,-0.773727393,0.186924419,LFRSGE,aaacaa,QGGGGLFR*PSGE
416,-0.639821566,0.19544579,LFRSGG,aaacab,QGGGGLFR*PSGG
417,-0.74332948,0.13524637,SFYPPE,bacbca,QGGGGSFY*PPPE
418,-0.683218969,0.165842435,SFYPPG,bacbcb,QGGGGSFY*PPPG
419,-0.497641215,0.096613956,SFYPLE,bacbba,QGGGGSFY*PPLE
420,-0.518497044,0.047912195,SFYPLG,bacbbb,QGGGGSFY*PPLG
421,-0.292367305,0.079632461,SFYSPE,baccca,QGGGGSFY*PSPE
422,-0.310889346,0.06964171,SFYSPG,bacccb,QGGGGSFY*PSPG
423,-0.298770779,0.057432428,SFYSLE,baccba,QGGGGSFY*PSLE
424,-0.325739404,0.174088171,SFYSLG,baccbb,QGGGGSFY*PSLG
425,-0.247647275,0.073166134,WFYPPE,cacbca,QGGGGWFY*PPPE
426,-0.347606648,0.085859068,WFYPPG,cacbcb,QGGGGWFY*PPPG
427,-0.068468515,0.058500626,WFYPLE,cacbba,QGGGGWFY*PPLE
428,-0.148576257,0.08691083,WFYPLG,cacbbb,QGGGGWFY*PPLG
429,-0.04762688,0.070553744,WFYSPE,caccca,QGGGGWFY*PSPE
430,-0.114874842,0.095402627,WFYSPG,cacccb,QGGGGWFY*PSPG
431,-0.111915826,0.117517413,WFYSLE,caccba,QGGGGWFY*PSLE
432,-0.118264761,0.13235095,WFYSLG,caccbb,QGGGGWFY*PSLG
433,-0.012294695,0.034410648,LFYPPE,aacbca,QGGGGLFY*PPPE
434,-0.235841385,0.022032006,LFYPPG,aacbcb,QGGGGLFY*PPPG
435,0.19406416,0.063032274,LFYPLE,aacbba,QGGGGLFY*PPLE
436,0.097379313,0.057351733,LFYPLG,aacbbb,QGGGGLFY*PPLG
437,0.244908254,0.035997971,LFYSPE,aaccca,QGGGGLFY*PSPE
438,0.152512755,0.076839579,LFYSPG,aacccb,QGGGGLFY*PSPG
439,0.016758624,0.048278272,LFYSLE,aaccba,QGGGGLFY*PSLE
440,-0.026456059,0.094252011,LFYSLG,aaccbb,QGGGGLFY*PSLG
441,-0.223922564,0.144436301,SFTFPE,babaca,QGGGGSFT*PFPE
442,-0.174699453,0.066696515,SFTFPG,babacb,QGGGGSFT*PFPG
443,-0.271844819,0.164900914,SFTFLE,bababa,QGGGGSFT*PFLE
444,-0.254991135,0.101499028,SFTFLG,bababb,QGGGGSFT*PFLG
445,-0.779329496,0.194849702,SFRFPE,baaaca,QGGGGSFR*PFPE
446,-0.781575553,0.086300213,SFRFPG,baaacb,QGGGGSFR*PFPG
447,-0.780641366,0.13349919,SFRFLE,baaaba,QGGGGSFR*PFLE
448,-0.753120933,0.115887424,SFRFLG,baaabb,QGGGGSFR*PFLG
449,-0.246060797,0.070077087,WFTFPE,cabaca,QGGGGWFT*PFPE
450,-0.194791139,0.100318817,WFTFPG,cabacb,QGGGGWFT*PFPG
451,-0.168939769,0.169701471,WFTFLE,cababa,QGGGGWFT*PFLE
452,-0.243167229,0.156804505,WFTFLG,cababb,QGGGGWFT*PFLG
453,-0.7325432,0.151826966,WFRFPE,caaaca,QGGGGWFR*PFPE
454,-0.846145941,0.17466774,WFRFPG,caaacb,QGGGGWFR*PFPG
455,-0.639999174,0.036426906,WFRFLE,caaaba,QGGGGWFR*PFLE
456,-0.846207159,0.176785066,WFRFLG,caaabb,QGGGGWFR*PFLG
457,0.152562855,0.066277149,LFTFPE,aabaca,QGGGGLFT*PFPE
458,-0.045920683,0.122947749,LFTFPG,aabacb,QGGGGLFT*PFPG
459,0.059598677,0.078795252,LFTFLE,aababa,QGGGGLFT*PFLE
460,-0.033440543,0.028595926,LFTFLG,aababb,QGGGGLFT*PFLG
461,-0.716364019,0.114875244,LFRFPE,aaaaca,QGGGGLFR*PFPE
462,-0.774046094,0.153401061,LFRFPG,aaaacb,QGGGGLFR*PFPG
463,-0.655227488,0.196085983,LFRFLE,aaaaba,QGGGGLFR*PFLE
464,-0.72853779,0.277049636,LFRFLG,aaaabb,QGGGGLFR*PFLG
465,0.215773587,0.029717411,SPTPGE,bbbbaa,QGGGGSPT*PPGE
466,0.386058534,0.12132799,SPTPGG,bbbbab,QGGGGSPT*PPGG
467,-0.240184653,0.045895102,SPTSGE,bbbcaa,QGGGGSPT*PSGE
468,0.036334169,0.079521563,SPTSGG,bbbcab,QGGGGSPT*PSGG
469,-0.953624907,0.157719336,SPRPGE,bbabaa,QGGGGSPR*PPGE
470,-1.013344164,0.179429246,SPRPGG,bbabab,QGGGGSPR*PPGG
471,-0.88983708,0.159479022,SPRSGE,bbacaa,QGGGGSPR*PSGE
472,-0.936508904,0.184629794,SPRSGG,bbacab,QGGGGSPR*PSGG
473,0.671132554,0.070172685,WPTPGE,cbbbaa,QGGGGWPT*PPGE
474,0.771355872,0.045278169,WPTPGG,cbbbab,QGGGGWPT*PPGG
475,0.596683362,0.017993129,WPTSGE,cbbcaa,QGGGGWPT*PSGE
476,0.928577732,0.05415232,WPTSGG,cbbcab,QGGGGWPT*PSGG
477,-0.332239602,0.106928702,WPRPGE,cbabaa,QGGGGWPR*PPGE
478,-0.39613736,0.051338726,WPRPGG,cbabab,QGGGGWPR*PPGG
479,-0.519222785,0.155031985,WPRSGE,cbacaa,QGGGGWPR*PSGE
480,-0.463044402,0.157504991,WPRSGG,cbacab,QGGGGWPR*PSGG
481,0.451034546,0.062904598,LPTPGE,abbbaa,QGGGGLPT*PPGE
482,0.652195794,0.119600987,LPTPGG,abbbab,QGGGGLPT*PPGG
483,0.199349762,0.067407897,LPTSGE,abbcaa,QGGGGLPT*PSGE
484,0.362744599,0.05539998,LPTSGG,abbcab,QGGGGLPT*PSGG
485,0.289815794,0.042107393,LPRPGE,ababaa,QGGGGLPR*PPGE
486,0.198732553,0.043743805,LPRPGG,ababab,QGGGGLPR*PPGG
487,-0.728612233,0.18547517,LPRSGE,abacaa,QGGGGLPR*PSGE
488,-0.735325046,0.130851653,LPRSGG,abacab,QGGGGLPR*PSGG
489,0.0968304,0.163045088,SPTPPP,bbbbcc,QGGGGSPT*PPPP
490,0.547759752,0.135311175,SPTPLP,bbbbbc,QGGGGSPT*PPLP
491,0.250045694,0.071155167,SPTSPP,bbbccc,QGGGGSPT*PSPP
492,0.227827185,0.072025832,SPTSLP,bbbcbc,QGGGGSPT*PSLP
493,-0.968651253,0.242047501,SPRPPP,bbabcc,QGGGGSPR*PPPP
494,-0.896260232,0.163228411,SPRPLP,bbabbc,QGGGGSPR*PPLP
495,-0.767645606,0.18254787,SPRSPP,bbaccc,QGGGGSPR*PSPP
496,-0.770512826,0.106000807,SPRSLP,bbacbc,QGGGGSPR*PSLP
497,0.506507392,0.099818015,WPTPPP,cbbbcc,QGGGGWPT*PPPP
498,0.73826489,0.03140566,WPTPLP,cbbbbc,QGGGGWPT*PPLP
499,0.586124226,0.119268212,WPTSPP,cbbccc,QGGGGWPT*PSPP
500,0.554502328,0.077058527,WPTSLP,cbbcbc,QGGGGWPT*PSLP
501,-0.212241891,0.124423799,WPRPPP,cbabcc,QGGGGWPR*PPPP
502,0.302850116,0.051604554,WPRPLP,cbabbc,QGGGGWPR*PPLP
503,-0.040035028,0.072408126,WPRSPP,cbaccc,QGGGGWPR*PSPP
504,0.031746484,0.024804818,WPRSLP,cbacbc,QGGGGWPR*PSLP
505,0.44009011,0.140391365,LPTPPP,abbbcc,QGGGGLPT*PPPP
506,0.70271117,0.130775341,LPTPLP,abbbbc,QGGGGLPT*PPLP
507,0.528207933,0.08723959,LPTSPP,abbccc,QGGGGLPT*PSPP
508,0.436041187,0.059067881,LPTSLP,abbcbc,QGGGGLPT*PSLP
509,0.206708072,0.076852942,LPRPPP,ababcc,QGGGGLPR*PPPP
510,0.619606823,0.079677854,LPRPLP,ababbc,QGGGGLPR*PPLP
511,0.431138598,0.03622446,LPRSPP,abaccc,QGGGGLPR*PSPP
512,0.224203275,0.040070247,LPRSLP,abacbc,QGGGGLPR*PSLP
513,0.067861385,0.030581748,SYTFPE,bcbaca,QGGGGSYT*PFPE
514,-0.054151444,0.020015385,SYTFPG,bcbacb,QGGGGSYT*PFPG
515,0.237276073,0.02102118,SYTFLE,bcbaba,QGGGGSYT*PFLE
516,0.043364718,0.013426658,SYTFLG,bcbabb,QGGGGSYT*PFLG
517,-0.570997354,0.115608459,SYRFPE,bcaaca,QGGGGSYR*PFPE
518,-0.69321589,0.128609872,SYRFPG,bcaacb,QGGGGSYR*PFPG
519,-0.47745292,0.106015543,SYRFLE,bcaaba,QGGGGSYR*PFLE
520,-0.540580537,0.215321476,SYRFLG,bcaabb,QGGGGSYR*PFLG
521,0.389628465,0.059849779,WYTFPE,ccbaca,QGGGGWYT*PFPE
522,0.380545294,0.068631262,WYTFPG,ccbacb,QGGGGWYT*PFPG
523,0.374535675,0.076522975,WYTFLE,ccbaba,QGGGGWYT*PFLE
524,0.350107263,0.073544342,WYTFLG,ccbabb,QGGGGWYT*PFLG
525,0.212843736,0.046056213,WYRFPE,ccaaca,QGGGGWYR*PFPE
526,-0.149707403,0.091849135,WYRFPG,ccaacb,QGGGGWYR*PFPG
527,0.086754586,0.025865098,WYRFLE,ccaaba,QGGGGWYR*PFLE
528,-0.108906933,0.034768082,WYRFLG,ccaabb,QGGGGWYR*PFLG
529,-0.071643343,0.050765265,LYTFPE,acbaca,QGGGGLYT*PFPE
530,-0.077034364,0.095262327,LYTFPG,acbacb,QGGGGLYT*PFPG
531,-0.19199446,0.10224384,LYTFLE,acbaba,QGGGGLYT*PFLE
532,-0.211667966,0.036844385,LYTFLG,acbabb,QGGGGLYT*PFLG
533,0.645605784,0.080108129,LYRFPE,acaaca,QGGGGLYR*PFPE
534,0.231827194,0.039618317,LYRFPG,acaacb,QGGGGLYR*PFPG
535,0.539904287,0.070356326,LYRFLE,acaaba,QGGGGLYR*PFLE
536,0.347207505,0.092389399,LYRFLG,acaabb,QGGGGLYR*PFLG
537,-0.673408452,0.057284497,SYYPPE,bccbca,QGGGGSYY*PPPE
538,-0.516183377,0.041872801,SYYPPG,bccbcb,QGGGGSYY*PPPG
539,-0.473568293,0.120151233,SYYPLE,bccbba,QGGGGSYY*PPLE
540,-0.502755979,0.108357479,SYYPLG,bccbbb,QGGGGSYY*PPLG
541,-0.330153398,0.113212761,SYYSPE,bcccca,QGGGGSYY*PSPE
542,-0.280260196,0.089725398,SYYSPG,bccccb,QGGGGSYY*PSPG
543,-0.345770292,0.087668682,SYYSLE,bcccba,QGGGGSYY*PSLE
544,-0.299216668,0.182435477,SYYSLG,bcccbb,QGGGGSYY*PSLG
545,0.592003443,0.078472527,WYYPPE,cccbca,QGGGGWYY*PPPE
546,0.52344533,0.052258961,WYYPPG,cccbcb,QGGGGWYY*PPPG
547,0.532983957,0.106872731,WYYPLE,cccbba,QGGGGWYY*PPLE
548,0.62593139,0.063896574,WYYPLG,cccbbb,QGGGGWYY*PPLG
549,0.686538241,0.084440918,WYYSPE,ccccca,QGGGGWYY*PSPE
550,0.707332654,0.082174877,WYYSPG,cccccb,QGGGGWYY*PSPG
551,0.49995256,0.022922793,WYYSLE,ccccba,QGGGGWYY*PSLE
552,0.595207068,0.042444656,WYYSLG,ccccbb,QGGGGWYY*PSLG
553,0.436749764,0.087352503,LYYPPE,accbca,QGGGGLYY*PPPE
554,0.255821787,0.038421151,LYYPPG,accbcb,QGGGGLYY*PPPG
555,0.587656707,0.079193116,LYYPLE,accbba,QGGGGLYY*PPLE
556,0.642417025,0.103917926,LYYPLG,accbbb,QGGGGLYY*PPLG
557,0.695275059,0.065364475,LYYSPE,acccca,QGGGGLYY*PSPE
558,0.645611512,0.059428991,LYYSPG,accccb,QGGGGLYY*PSPG
559,0.397687466,0.079516362,LYYSLE,acccba,QGGGGLYY*PSLE
560,0.367234359,0.057968249,LYYSLG,acccbb,QGGGGLYY*PSLG
561,0.219114035,0.017702955,SPTFPE,bbbaca,QGGGGSPT*PFPE
562,0.018519037,0.028519422,SPTFPG,bbbacb,QGGGGSPT*PFPG
563,0.196536866,0.055498359,SPTFLE,bbbaba,QGGGGSPT*PFLE
564,0.020771762,0.074565909,SPTFLG,bbbabb,QGGGGSPT*PFLG
565,-0.6890615,0.115248539,SPRFPE,bbaaca,QGGGGSPR*PFPE
566,-0.863385441,0.152036506,SPRFPG,bbaacb,QGGGGSPR*PFPG
567,-0.722286016,0.135907913,SPRFLE,bbaaba,QGGGGSPR*PFLE
568,-0.714936059,0.123187283,SPRFLG,bbaabb,QGGGGSPR*PFLG
569,0.585175038,0.081771855,WPTFPE,cbbaca,QGGGGWPT*PFPE
570,0.491525026,0.0162658,WPTFPG,cbbacb,QGGGGWPT*PFPG
571,0.517515942,0.046171354,WPTFLE,cbbaba,QGGGGWPT*PFLE
572,0.511188627,0.041593253,WPTFLG,cbbabb,QGGGGWPT*PFLG
573,0.137422693,0.09061171,WPRFPE,cbaaca,QGGGGWPR*PFPE
574,-0.271049826,0.146705172,WPRFPG,cbaacb,QGGGGWPR*PFPG
575,-0.011054897,0.123195107,WPRFLE,cbaaba,QGGGGWPR*PFLE
576,-0.099738674,0.114751119,WPRFLG,cbaabb,QGGGGWPR*PFLG
577,0.489524015,0.049958295,LPTFPE,abbaca,QGGGGLPT*PFPE
578,0.446358785,0.071371426,LPTFPG,abbacb,QGGGGLPT*PFPG
579,0.357156542,0.051672906,LPTFLE,abbaba,QGGGGLPT*PFLE
580,0.426893015,0.11170101,LPTFLG,abbabb,QGGGGLPT*PFLG
581,0.495670161,0.050713603,LPRFPE,abaaca,QGGGGLPR*PFPE
582,0.157622198,0.035490531,LPRFPG,abaacb,QGGGGLPR*PFPG
583,0.401845427,0.020244193,LPRFLE,abaaba,QGGGGLPR*PFLE
584,0.110787365,0.067546117,LPRFLG,abaabb,QGGGGLPR*PFLG
585,-0.502775241,0.047658462,SFTPPE,babbca,QGGGGSFT*PPPE
586,-0.704432569,0.07878585,SFTPPG,babbcb,QGGGGSFT*PPPG
587,-0.452729588,0.067948247,SFTPLE,babbba,QGGGGSFT*PPLE
588,-0.410064818,0.033524874,SFTPLG,babbbb,QGGGGSFT*PPLG
589,-0.230755501,0.092804143,SFTSPE,babcca,QGGGGSFT*PSPE
590,-0.229870849,0.176513344,SFTSPG,babccb,QGGGGSFT*PSPG
591,-0.231056829,0.092822578,SFTSLE,babcba,QGGGGSFT*PSLE
592,-0.327044355,0.074891794,SFTSLG,babcbb,QGGGGSFT*PSLG
593,-1.258384094,0.194954162,SFRPPE,baabca,QGGGGSFR*PPPE
594,-1.223438619,0.133086187,SFRPPG,baabcb,QGGGGSFR*PPPG
595,-1.057189842,0.179949383,SFRPLE,baabba,QGGGGSFR*PPLE
596,-1.097306772,0.066858381,SFRPLG,baabbb,QGGGGSFR*PPLG
597,-0.820957199,0.227424803,SFRSPE,baacca,QGGGGSFR*PSPE
598,-0.753364777,0.125006553,SFRSPG,baaccb,QGGGGSFR*PSPG
599,-0.785513799,0.162221571,SFRSLE,baacba,QGGGGSFR*PSLE
600,-0.763959127,0.185620053,SFRSLG,baacbb,QGGGGSFR*PSLG
601,-0.428439319,0.089538754,WFTPPE,cabbca,QGGGGWFT*PPPE
602,-0.572706606,0.157564325,WFTPPG,cabbcb,QGGGGWFT*PPPG
603,-0.346378209,0.085681676,WFTPLE,cabbba,QGGGGWFT*PPLE
604,-0.412225499,0.078507466,WFTPLG,cabbbb,QGGGGWFT*PPLG
605,-0.201663717,0.083618858,WFTSPE,cabcca,QGGGGWFT*PSPE
606,-0.287728253,0.115266195,WFTSPG,cabccb,QGGGGWFT*PSPG
607,-0.224188384,0.106619033,WFTSLE,cabcba,QGGGGWFT*PSLE
608,-0.224637678,0.104933754,WFTSLG,cabcbb,QGGGGWFT*PSLG
609,-1.162945118,0.155108017,WFRPPE,caabca,QGGGGWFR*PPPE
610,-1.159072726,0.161464273,WFRPPG,caabcb,QGGGGWFR*PPPG
611,-0.911798825,0.151529507,WFRPLE,caabba,QGGGGWFR*PPLE
612,-0.963782712,0.223593258,WFRPLG,caabbb,QGGGGWFR*PPLG
613,-0.796618373,0.193777695,WFRSPE,caacca,QGGGGWFR*PSPE
614,-0.882741375,0.220583711,WFRSPG,caaccb,QGGGGWFR*PSPG
615,-0.706795024,0.172333262,WFRSLE,caacba,QGGGGWFR*PSLE
616,-0.821561602,0.153533918,WFRSLG,caacbb,QGGGGWFR*PSLG
617,0.072698049,0.096498608,LFTPPE,aabbca,QGGGGLFT*PPPE
618,-0.150642114,0.017981111,LFTPPG,aabbcb,QGGGGLFT*PPPG
619,0.321746747,0.076305033,LFTPLE,aabbba,QGGGGLFT*PPLE
620,0.175333428,0.04457905,LFTPLG,aabbbb,QGGGGLFT*PPLG
621,0.219649773,0.017123181,LFTSPE,aabcca,QGGGGLFT*PSPE
622,0.052826371,0.053260902,LFTSPG,aabccb,QGGGGLFT*PSPG
623,-0.088255738,0.057927707,LFTSLE,aabcba,QGGGGLFT*PSLE
624,-0.144980477,0.026364112,LFTSLG,aabcbb,QGGGGLFT*PSLG
625,-0.93344089,0.169620314,LFRPPE,aaabca,QGGGGLFR*PPPE
626,-0.971015577,0.082243818,LFRPPG,aaabcb,QGGGGLFR*PPPG
627,-0.803589759,0.158876559,LFRPLE,aaabba,QGGGGLFR*PPLE
628,-0.859850439,0.201253884,LFRPLG,aaabbb,QGGGGLFR*PPLG
629,-0.663050474,0.139211267,LFRSPE,aaacca,QGGGGLFR*PSPE
630,-0.651971375,0.14082571,LFRSPG,aaaccb,QGGGGLFR*PSPG
631,-0.598054485,0.123919728,LFRSLE,aaacba,QGGGGLFR*PSLE
632,-0.643422676,0.162224818,LFRSLG,aaacbb,QGGGGLFR*PSLG
633,0.284023428,0.087411071,SPTPPE,bbbbca,QGGGGSPT*PPPE
634,-0.076882833,0.04210949,SPTPPG,bbbbcb,QGGGGSPT*PPPG
635,0.451794206,0.076774226,SPTPLE,bbbbba,QGGGGSPT*PPLE
636,0.465252369,0.044890817,SPTPLG,bbbbbb,QGGGGSPT*PPLG
637,0.27122778,0.022281613,SPTSPE,bbbcca,QGGGGSPT*PSPE
638,0.135887949,0.040249479,SPTSPG,bbbccb,QGGGGSPT*PSPG
639,0.016824201,0.007617006,SPTSLE,bbbcba,QGGGGSPT*PSLE
640,0.017194343,0.035798483,SPTSLG,bbbcbb,QGGGGSPT*PSLG
641,-0.827785265,0.149401207,SPRPPE,bbabca,QGGGGSPR*PPPE
642,-1.116123254,0.200015203,SPRPPG,bbabcb,QGGGGSPR*PPPG
643,-0.730219202,0.059752022,SPRPLE,bbabba,QGGGGSPR*PPLE
644,-0.913051189,0.093157792,SPRPLG,bbabbb,QGGGGSPR*PPLG
645,-0.815395369,0.114319423,SPRSPE,bbacca,QGGGGSPR*PSPE
646,-0.894644757,0.201114565,SPRSPG,bbaccb,QGGGGSPR*PSPG
647,-0.855235673,0.214734572,SPRSLE,bbacba,QGGGGSPR*PSLE
648,-0.887391616,0.201110233,SPRSLG,bbacbb,QGGGGSPR*PSLG
649,0.510533406,0.02390054,WPTPPE,cbbbca,QGGGGWPT*PPPE
650,0.556146725,0.114533196,WPTPPG,cbbbcb,QGGGGWPT*PPPG
651,0.635359065,0.118635669,WPTPLE,cbbbba,QGGGGWPT*PPLE
652,0.711548049,0.094003541,WPTPLG,cbbbbb,QGGGGWPT*PPLG
653,0.590744841,0.035740408,WPTSPE,cbbcca,QGGGGWPT*PSPE
654,0.631740354,0.066314286,WPTSPG,cbbccb,QGGGGWPT*PSPG
655,0.307014507,0.037205035,WPTSLE,cbbcba,QGGGGWPT*PSLE
656,0.473134874,0.082420725,WPTSLG,cbbcbb,QGGGGWPT*PSLG
657,0.093606885,0.082489064,WPRPPE,cbabca,QGGGGWPR*PPPE
658,-0.200671779,0.059391158,WPRPPG,cbabcb,QGGGGWPR*PPPG
659,0.191082779,0.035647905,WPRPLE,cbabba,QGGGGWPR*PPLE
660,-0.109545567,0.120002935,WPRPLG,cbabbb,QGGGGWPR*PPLG
661,0.127824582,0.098160399,WPRSPE,cbacca,QGGGGWPR*PSPE
662,-0.062231419,0.096340582,WPRSPG,cbaccb,QGGGGWPR*PSPG
663,-0.114468243,0.103221515,WPRSLE,cbacba,QGGGGWPR*PSLE
664,-0.209255244,0.052250392,WPRSLG,cbacbb,QGGGGWPR*PSLG
665,0.454986449,0.070686356,LPTPPE,abbbca,QGGGGLPT*PPPE
666,0.409058901,0.077214626,LPTPPG,abbbcb,QGGGGLPT*PPPG
667,0.466042804,0.093249612,LPTPLE,abbbba,QGGGGLPT*PPLE
668,0.585597075,0.156614537,LPTPLG,abbbbb,QGGGGLPT*PPLG
669,0.369032031,0.096755903,LPTSPE,abbcca,QGGGGLPT*PSPE
670,0.477425407,0.123423429,LPTSPG,abbccb,QGGGGLPT*PSPG
671,0.009985794,0.060572226,LPTSLE,abbcba,QGGGGLPT*PSLE
672,0.276361169,0.08215769,LPTSLG,abbcbb,QGGGGLPT*PSLG
673,0.460791949,0.038112502,LPRPPE,ababca,QGGGGLPR*PPPE
674,0.096735254,0.028924058,LPRPPG,ababcb,QGGGGLPR*PPPG
675,0.490281485,0.044398119,LPRPLE,ababba,QGGGGLPR*PPLE
676,0.370915356,0.027324618,LPRPLG,ababbb,QGGGGLPR*PPLG
677,0.455153858,0.036727858,LPRSPE,abacca,QGGGGLPR*PSPE
678,0.177116975,0.066679921,LPRSPG,abaccb,QGGGGLPR*PSPG
679,0.09519832,0.011041983,LPRSLE,abacba,QGGGGLPR*PSLE
680,-0.124290154,0.026250528,LPRSLG,abacbb,QGGGGLPR*PSLG
681,0.002894022,0.012279929,SYTPPE,bcbbca,QGGGGSYT*PPPE
682,-0.252804056,0.046034867,SYTPPG,bcbbcb,QGGGGSYT*PPPG
683,0.246845031,0.026875703,SYTPLE,bcbbba,QGGGGSYT*PPLE
684,0.134486116,0.080252837,SYTPLG,bcbbbb,QGGGGSYT*PPLG
685,0.215666434,0.051278149,SYTSPE,bcbcca,QGGGGSYT*PSPE
686,0.071825938,0.066920995,SYTSPG,bcbccb,QGGGGSYT*PSPG
687,-0.136646152,0.047656824,SYTSLE,bcbcba,QGGGGSYT*PSLE
688,-0.040998421,0.05263607,SYTSLG,bcbcbb,QGGGGSYT*PSLG
689,-0.870695562,0.173479032,SYRPPE,bcabca,QGGGGSYR*PPPE
690,-1.11236873,0.243764594,SYRPPG,bcabcb,QGGGGSYR*PPPG
691,-0.59501775,0.078286883,SYRPLE,bcabba,QGGGGSYR*PPLE
692,-0.661375813,0.136012029,SYRPLG,bcabbb,QGGGGSYR*PPLG
693,-0.465197281,0.094555623,SYRSPE,bcacca,QGGGGSYR*PSPE
694,-0.592608212,0.120209548,SYRSPG,bcaccb,QGGGGSYR*PSPG
695,-0.456968303,0.145479905,SYRSLE,bcacba,QGGGGSYR*PSLE
696,-0.515723088,0.126425758,SYRSLG,bcacbb,QGGGGSYR*PSLG
697,0.334676333,0.093256291,WYTPPE,ccbbca,QGGGGWYT*PPPE
698,0.301811699,0.095068883,WYTPPG,ccbbcb,QGGGGWYT*PPPG
699,0.184040047,0.066622973,WYTPLE,ccbbba,QGGGGWYT*PPLE
700,0.324663191,0.085198798,WYTPLG,ccbbbb,QGGGGWYT*PPLG
701,0.476614598,0.080285503,WYTSPE,ccbcca,QGGGGWYT*PSPE
702,0.537640527,0.077041961,WYTSPG,ccbccb,QGGGGWYT*PSPG
703,0.07231708,0.071206813,WYTSLE,ccbcba,QGGGGWYT*PSLE
704,0.293982867,0.088564058,WYTSLG,ccbcbb,QGGGGWYT*PSLG
705,0.087164644,0.04113535,WYRPPE,ccabca,QGGGGWYR*PPPE
706,-0.197541837,0.032362261,WYRPPG,ccabcb,QGGGGWYR*PPPG
707,0.315856738,0.13230492,WYRPLE,ccabba,QGGGGWYR*PPLE
708,0.077883107,0.084838454,WYRPLG,ccabbb,QGGGGWYR*PPLG
709,0.037598755,0.080170648,WYRSPE,ccacca,QGGGGWYR*PSPE
710,-0.197249026,0.029605815,WYRSPG,ccaccb,QGGGGWYR*PSPG
711,-0.315778205,0.064745045,WYRSLE,ccacba,QGGGGWYR*PSLE
712,-0.379424071,0.077726821,WYRSLG,ccacbb,QGGGGWYR*PSLG
713,0.001549635,0.091059081,LYTPPE,acbbca,QGGGGLYT*PPPE
714,0.013336601,0.05798404,LYTPPG,acbbcb,QGGGGLYT*PPPG
715,-0.299151595,0.132891895,LYTPLE,acbbba,QGGGGLYT*PPLE
716,-0.057526968,0.092021469,LYTPLG,acbbbb,QGGGGLYT*PPLG
717,-0.143056411,0.078333774,LYTSPE,acbcca,QGGGGLYT*PSPE
718,-0.006429683,0.117640369,LYTSPG,acbccb,QGGGGLYT*PSPG
719,-0.558994088,0.115777307,LYTSLE,acbcba,QGGGGLYT*PSLE
720,-0.109961615,0.054938319,LYTSLG,acbcbb,QGGGGLYT*PSLG
721,0.536957573,0.098393469,LYRPPE,acabca,QGGGGLYR*PPPE
722,0.230378477,0.066782458,LYRPPG,acabcb,QGGGGLYR*PPPG
723,0.652231325,0.15869047,LYRPLE,acabba,QGGGGLYR*PPLE
724,0.487111303,0.139752645,LYRPLG,acabbb,QGGGGLYR*PPLG
725,0.675075417,0.050684769,LYRSPE,acacca,QGGGGLYR*PSPE
726,0.195363547,0.031965804,LYRSPG,acaccb,QGGGGLYR*PSPG
727,-0.125903553,0.073783501,LYRSLE,acacba,QGGGGLYR*PSLE
728,-0.117267822,0.060725872,LYRSLG,acacbb,QGGGGLYR*PSLG
